filename,action,label_id
nav_forward_1778419972847_aa49f0.png,forward,0
nav_right_1778419973240_00bb2e.png,right,3
nav_right_1778419973705_7d2847.png,right,3
nav_right_1778419974074_97a821.png,right,3
nav_right_1778419974418_ab70ed.png,right,3
nav_right_1778419974760_0d10c0.png,right,3
nav_right_1778419975108_44a073.png,right,3
nav_right_1778419975455_2cdf4f.png,right,3
nav_right_1778419975794_65537e.png,right,3
nav_right_1778419976137_67311e.png,right,3
nav_right_1778419976490_7f5a2a.png,right,3
nav_right_1778419976836_033d89.png,right,3
nav_right_1778419977181_c0effe.png,right,3
nav_right_1778419977528_d8d881.png,right,3
nav_right_1778419977879_4a7690.png,right,3
nav_right_1778419978269_a6c07a.png,right,3
nav_right_1778419978642_ffc4a8.png,right,3
nav_right_1778419979036_a0e393.png,right,3
nav_right_1778419979406_e9c45e.png,right,3
nav_right_1778419979769_279c17.png,right,3
nav_right_1778419980139_ce5b07.png,right,3
nav_right_1778419980675_595ab5.png,right,3
nav_right_1778419981175_f883c4.png,right,3
nav_right_1778419981520_4d352b.png,right,3
nav_right_1778419981863_6ea02e.png,right,3
nav_right_1778419982207_527366.png,right,3
nav_right_1778419982551_87f710.png,right,3
nav_right_1778419982896_d3db35.png,right,3
nav_right_1778419983238_331b1a.png,right,3
nav_right_1778419983579_334b98.png,right,3
nav_right_1778419983919_a38379.png,right,3
nav_right_1778419984264_c935a5.png,right,3
nav_right_1778419984603_71dab1.png,right,3
nav_right_1778419984940_a0a6be.png,right,3
nav_right_1778419985281_37e0b7.png,right,3
nav_right_1778419985625_74b2a3.png,right,3
nav_right_1778419985975_9227e7.png,right,3
nav_right_1778419986327_ab39e5.png,right,3
nav_right_1778419986677_c06332.png,right,3
nav_right_1778419987028_a7f4a1.png,right,3
nav_right_1778419987374_84abdd.png,right,3
nav_right_1778419987726_03668a.png,right,3
nav_right_1778419988077_7c1ede.png,right,3
nav_right_1778419988431_93aa3f.png,right,3
nav_right_1778419988780_5b6b7e.png,right,3
nav_right_1778419989126_332bde.png,right,3
nav_right_1778419989482_e2a2fd.png,right,3
nav_right_1778419989833_f2da18.png,right,3
nav_right_1778419990176_81b042.png,right,3
nav_right_1778419990528_733f11.png,right,3
nav_right_1778419990923_cea45f.png,right,3
nav_right_1778419991277_c068d7.png,right,3
nav_right_1778419991632_79d132.png,right,3
nav_right_1778419991982_d17225.png,right,3
nav_right_1778419992325_497a17.png,right,3
nav_right_1778419992669_2da4c1.png,right,3
nav_right_1778419993013_b31e4c.png,right,3
nav_right_1778419993360_5a49bd.png,right,3
nav_right_1778419993708_9e1752.png,right,3
nav_right_1778419994051_a469df.png,right,3
nav_right_1778419994400_4b3fc3.png,right,3
nav_right_1778419994745_a4146d.png,right,3
nav_right_1778419995098_1631b8.png,right,3
nav_right_1778419995445_63cd8f.png,right,3
nav_right_1778419995798_98139f.png,right,3
nav_right_1778419996147_d99254.png,right,3
nav_right_1778419996494_f7798d.png,right,3
nav_right_1778419996850_8640c5.png,right,3
nav_right_1778419997209_4c9d1c.png,right,3
nav_right_1778419997567_cf4c16.png,right,3
nav_right_1778419997922_1f6511.png,right,3
nav_right_1778419998274_8adc7e.png,right,3
nav_right_1778419998620_ee1775.png,right,3
nav_right_1778419998987_1c45bf.png,right,3
nav_right_1778419999331_e6d2e0.png,right,3
nav_right_1778419999687_0cbc5f.png,right,3
nav_right_1778420000038_cab6f1.png,right,3
nav_right_1778420000388_731d87.png,right,3
nav_right_1778420000731_2af81f.png,right,3
nav_right_1778420001078_f702c1.png,right,3
nav_right_1778420001428_e87172.png,right,3
nav_right_1778420001777_77ef62.png,right,3
nav_right_1778420002131_e26940.png,right,3
nav_right_1778420002474_6a8c81.png,right,3
nav_forward_1778420003254_3a8ca7.png,forward,0
nav_forward_1778420003632_b27199.png,forward,0
nav_forward_1778420003987_847730.png,forward,0
nav_forward_1778420004332_25dd94.png,forward,0
nav_forward_1778420004681_fcc096.png,forward,0
nav_forward_1778420005024_ea1abc.png,forward,0
nav_forward_1778420005375_334957.png,forward,0
nav_forward_1778420005718_200981.png,forward,0
nav_forward_1778420006060_b0ae5d.png,forward,0
nav_forward_1778420006407_3919b1.png,forward,0
nav_forward_1778420006749_f96063.png,forward,0
nav_forward_1778420007096_dea241.png,forward,0
nav_forward_1778420007447_cf923b.png,forward,0
nav_forward_1778420007793_b8a8b0.png,forward,0
nav_forward_1778420008142_dc7a55.png,forward,0
nav_forward_1778420008492_843ce5.png,forward,0
nav_forward_1778420008841_c8875c.png,forward,0
nav_forward_1778420009188_e9eb1a.png,forward,0
nav_forward_1778420009535_cdf669.png,forward,0
nav_forward_1778420009877_ffb607.png,forward,0
nav_forward_1778420010230_c84db9.png,forward,0
nav_forward_1778420010580_5bfbc0.png,forward,0
nav_forward_1778420010956_dc60d6.png,forward,0
nav_forward_1778420011306_7ca612.png,forward,0
nav_forward_1778420011664_038611.png,forward,0
nav_forward_1778420012016_7d7efc.png,forward,0
nav_forward_1778420012372_a14aa4.png,forward,0
nav_forward_1778420012724_34444a.png,forward,0
nav_forward_1778420013070_9ee2e9.png,forward,0
nav_forward_1778420013415_a97740.png,forward,0
nav_forward_1778420013764_bd9ed9.png,forward,0
nav_forward_1778420014111_ec43d6.png,forward,0
nav_forward_1778420014457_52ad4b.png,forward,0
nav_forward_1778420014808_764d23.png,forward,0
nav_forward_1778420015154_2248ad.png,forward,0
nav_forward_1778420015495_6e4e1e.png,forward,0
nav_forward_1778420015840_140c0c.png,forward,0
nav_forward_1778420016187_931f22.png,forward,0
nav_forward_1778420016532_b4cb77.png,forward,0
nav_forward_1778420016873_8e0969.png,forward,0
nav_forward_1778420017219_b40d61.png,forward,0
nav_forward_1778420017558_5f3dc1.png,forward,0
nav_forward_1778420017906_3b165d.png,forward,0
nav_forward_1778420018247_15ff9b.png,forward,0
nav_forward_1778420018713_475e51.png,forward,0
nav_forward_1778420019079_9983e5.png,forward,0
nav_forward_1778420019424_d13ce1.png,forward,0
nav_forward_1778420019773_7c52d7.png,forward,0
nav_forward_1778420020126_41d728.png,forward,0
nav_forward_1778420020473_09d9b6.png,forward,0
nav_forward_1778420020818_ab4bae.png,forward,0
nav_forward_1778420021160_b4d727.png,forward,0
nav_forward_1778420021510_64b979.png,forward,0
nav_forward_1778420021856_2c5f89.png,forward,0
nav_forward_1778420022204_3a9847.png,forward,0
nav_forward_1778420022555_f7c1ae.png,forward,0
nav_forward_1778420022903_c60107.png,forward,0
nav_forward_1778420023253_7a36f2.png,forward,0
nav_forward_1778420023604_0e9f36.png,forward,0
nav_forward_1778420023948_3fb55d.png,forward,0
nav_forward_1778420024296_745112.png,forward,0
nav_forward_1778420024641_f4f5be.png,forward,0
nav_forward_1778420024991_844779.png,forward,0
nav_forward_1778420025338_24304c.png,forward,0
nav_forward_1778420025681_b7464d.png,forward,0
nav_forward_1778420026025_de1a9f.png,forward,0
nav_backward_1778420103263_ba1dd2.png,backward,2
nav_backward_1778420103764_5a0eb4.png,backward,2
nav_backward_1778420104124_5b66f6.png,backward,2
nav_backward_1778420104466_f993fb.png,backward,2
nav_backward_1778420104812_be0e81.png,backward,2
nav_backward_1778420105157_4e4dc9.png,backward,2
nav_backward_1778420105500_8d491b.png,backward,2
nav_backward_1778420105849_0611c0.png,backward,2
nav_backward_1778420106198_76d879.png,backward,2
nav_backward_1778420106545_cb6c50.png,backward,2
nav_backward_1778420106891_39f3bf.png,backward,2
nav_backward_1778420107237_0d3ab5.png,backward,2
nav_right_1778420107587_b3d51b.png,right,3
nav_right_1778420107941_d60f4c.png,right,3
nav_right_1778420108297_4ebfc4.png,right,3
nav_right_1778420108652_157bb4.png,right,3
nav_right_1778420109003_8c9235.png,right,3
nav_right_1778420109353_3d4c51.png,right,3
nav_right_1778420109705_1bcf8c.png,right,3
nav_right_1778420110057_7f68c8.png,right,3
nav_right_1778420110405_f16ec3.png,right,3
nav_right_1778420110753_b5f62c.png,right,3
nav_right_1778420111104_30d878.png,right,3
nav_right_1778420111456_04929e.png,right,3
nav_backward_1778420111803_2632a8.png,backward,2
nav_right_1778420112148_45a110.png,right,3
nav_right_1778420112529_98ea3f.png,right,3
nav_right_1778420112879_f7b8f6.png,right,3
nav_right_1778420113226_96b9b1.png,right,3
nav_right_1778420113568_d36100.png,right,3
nav_right_1778420113913_36365b.png,right,3
nav_right_1778420114258_010730.png,right,3
nav_right_1778420114598_b9966d.png,right,3
nav_right_1778420114940_30f2f4.png,right,3
nav_right_1778420115282_af5c38.png,right,3
nav_right_1778420115630_7b6e5b.png,right,3
nav_right_1778420115982_615dd5.png,right,3
nav_right_1778420116333_534720.png,right,3
nav_right_1778420116680_3f9734.png,right,3
nav_right_1778420117031_c2afec.png,right,3
nav_right_1778420117380_7b90aa.png,right,3
nav_right_1778420117729_210dac.png,right,3
nav_right_1778420118082_487f45.png,right,3
nav_right_1778420118428_55b71c.png,right,3
nav_right_1778420118772_ca6f6c.png,right,3
nav_right_1778420119111_a41ce3.png,right,3
nav_right_1778420119455_2ba944.png,right,3
nav_right_1778420119800_5707a1.png,right,3
nav_right_1778420120146_2747b8.png,right,3
nav_right_1778420120490_bcf868.png,right,3
nav_right_1778420120836_fbb942.png,right,3
nav_right_1778420121185_b9dac8.png,right,3
nav_right_1778420121528_aa64a4.png,right,3
nav_right_1778420121875_5a895c.png,right,3
nav_right_1778420122217_85137a.png,right,3
nav_right_1778420122563_dd4cd6.png,right,3
nav_right_1778420122907_e31331.png,right,3
nav_right_1778420123246_65dd3a.png,right,3
nav_right_1778420123583_b91fbf.png,right,3
nav_right_1778420123926_6c8831.png,right,3
nav_right_1778420124315_7de2d8.png,right,3
nav_right_1778420124658_bd8f56.png,right,3
nav_right_1778420124998_c2a091.png,right,3
nav_right_1778420125338_2bc228.png,right,3
nav_right_1778420125675_2b5080.png,right,3
nav_right_1778420126013_6f1efd.png,right,3
nav_right_1778420126356_300eaf.png,right,3
nav_right_1778420126694_5ccd2b.png,right,3
nav_right_1778420127027_732976.png,right,3
nav_right_1778420127361_e83831.png,right,3
nav_right_1778420127696_26a5e9.png,right,3
nav_right_1778420128038_1e4195.png,right,3
nav_right_1778420128375_0ceee0.png,right,3
nav_right_1778420128709_0afdae.png,right,3
nav_right_1778420129048_d02e75.png,right,3
nav_right_1778420129388_cd93c9.png,right,3
nav_right_1778420129723_4ba307.png,right,3
nav_right_1778420130065_b1403a.png,right,3
nav_right_1778420130403_c4eb74.png,right,3
nav_right_1778420130775_054fa4.png,right,3
nav_forward_1778420131116_4d7189.png,forward,0
nav_right_1778420131460_f3c962.png,right,3
nav_right_1778420131800_3f1b9f.png,right,3
nav_right_1778420132144_e96aed.png,right,3
nav_right_1778420132491_3dcaa1.png,right,3
nav_right_1778420132834_7acb48.png,right,3
nav_right_1778420133175_c7db80.png,right,3
nav_right_1778420133517_182c47.png,right,3
nav_right_1778420133863_828d29.png,right,3
nav_right_1778420134209_cee298.png,right,3
nav_right_1778420134547_5c643a.png,right,3
nav_right_1778420134889_b24ada.png,right,3
nav_right_1778420135230_027ff1.png,right,3
nav_right_1778420135577_121a23.png,right,3
nav_right_1778420135914_c6b858.png,right,3
nav_right_1778420136264_a04746.png,right,3
nav_right_1778420136607_ea3bd7.png,right,3
nav_right_1778420136946_98f6ec.png,right,3
nav_right_1778420137289_faffb8.png,right,3
nav_right_1778420137631_065737.png,right,3
nav_forward_1778420137978_787a84.png,forward,0
nav_forward_1778420138347_406fff.png,forward,0
nav_forward_1778420138690_f6f669.png,forward,0
nav_forward_1778420139024_12887a.png,forward,0
nav_forward_1778420139360_66b840.png,forward,0
nav_forward_1778420139707_d47207.png,forward,0
nav_forward_1778420140046_2b841f.png,forward,0
nav_forward_1778420140390_f7de97.png,forward,0
nav_forward_1778420140725_5037f1.png,forward,0
nav_forward_1778420141067_c02c68.png,forward,0
nav_forward_1778420141417_1b846f.png,forward,0
nav_forward_1778420141763_502022.png,forward,0
nav_forward_1778420142112_2047c1.png,forward,0
nav_forward_1778420142458_eaf5f0.png,forward,0
nav_forward_1778420142801_1bfbe6.png,forward,0
nav_forward_1778420143150_4fb558.png,forward,0
nav_forward_1778420143496_ae65f2.png,forward,0
nav_forward_1778420143843_d731cf.png,forward,0
nav_forward_1778420144179_b1c624.png,forward,0
nav_right_1778420144521_a72cb8.png,right,3
nav_right_1778420144862_4e6127.png,right,3
nav_right_1778420145206_f73b38.png,right,3
nav_right_1778420145538_a16129.png,right,3
nav_right_1778420145878_94e1ab.png,right,3
nav_forward_1778420146212_dd847d.png,forward,0
nav_right_1778421105664_14e8ea.png,right,3
nav_backward_1778421106060_913e24.png,backward,2
nav_backward_1778421106411_ced800.png,backward,2
nav_backward_1778421106762_0e3e30.png,backward,2
nav_backward_1778421107114_80a393.png,backward,2
nav_backward_1778421107464_817f4f.png,backward,2
nav_backward_1778421107815_0de84c.png,backward,2
nav_backward_1778421108166_f5bf00.png,backward,2
nav_backward_1778421108518_96d882.png,backward,2
nav_backward_1778421108862_2f07a2.png,backward,2
nav_backward_1778421109218_8f1c70.png,backward,2
nav_backward_1778421109569_1e6b00.png,backward,2
nav_backward_1778421109919_ff537b.png,backward,2
nav_backward_1778421110272_627cea.png,backward,2
nav_backward_1778421110628_197878.png,backward,2
nav_forward_1778421110989_7fde46.png,forward,0
nav_forward_1778421111340_f633a3.png,forward,0
nav_forward_1778421111693_4a16ad.png,forward,0
nav_forward_1778421112041_050be9.png,forward,0
nav_forward_1778421112392_52d07f.png,forward,0
nav_right_1778421112741_2cf79c.png,right,3
nav_forward_1778421113093_8b2612.png,forward,0
nav_forward_1778421113450_4a10ee.png,forward,0
nav_forward_1778421113805_c5ff3d.png,forward,0
nav_forward_1778421114155_7ded1c.png,forward,0
nav_forward_1778421114517_d27047.png,forward,0
nav_right_1778421114886_17438d.png,right,3
nav_forward_1778421115238_78a27e.png,forward,0
nav_forward_1778421115598_1515b3.png,forward,0
nav_left_1778421160838_5440cc.png,left,1
nav_left_1778421161223_713428.png,left,1
nav_left_1778421161568_2013cf.png,left,1
nav_backward_1778421161919_5f2a3c.png,backward,2
nav_backward_1778421162266_6dba77.png,backward,2
nav_backward_1778421162617_1ea52e.png,backward,2
nav_backward_1778421162966_09b488.png,backward,2
nav_backward_1778421163315_311658.png,backward,2
nav_backward_1778421163667_4d2af7.png,backward,2
nav_backward_1778421164020_ecb810.png,backward,2
nav_backward_1778421164374_055e6e.png,backward,2
nav_backward_1778421164726_a8a1ad.png,backward,2
nav_backward_1778421165085_9cc15d.png,backward,2
nav_backward_1778421165440_2a3b33.png,backward,2
nav_backward_1778421165797_405d41.png,backward,2
nav_backward_1778421166159_51473e.png,backward,2
nav_backward_1778421166516_e85c17.png,backward,2
nav_backward_1778421166868_4050c3.png,backward,2
nav_backward_1778421167223_085925.png,backward,2
nav_backward_1778421167571_12421f.png,backward,2
nav_backward_1778421167926_ca273b.png,backward,2
nav_backward_1778421168278_2ac71d.png,backward,2
nav_backward_1778421168626_8f5ddb.png,backward,2
nav_backward_1778421168978_129e59.png,backward,2
nav_backward_1778421169327_ef90d8.png,backward,2
nav_backward_1778421169939_2ee386.png,backward,2
nav_backward_1778421170310_6b0926.png,backward,2
nav_left_1778421170655_0c35e8.png,left,1
nav_left_1778421171003_b91bf9.png,left,1
nav_backward_1778421171353_ebfe66.png,backward,2
nav_backward_1778421171699_f65dfb.png,backward,2
nav_backward_1778421172046_d6aca9.png,backward,2
nav_backward_1778421172391_b460c6.png,backward,2
nav_backward_1778421172729_28c573.png,backward,2
nav_backward_1778421173077_5c7484.png,backward,2
nav_backward_1778421173430_fe6f9b.png,backward,2
nav_backward_1778421173785_537b65.png,backward,2
nav_backward_1778421174138_e13ea0.png,backward,2
nav_backward_1778421174490_7d0bb0.png,backward,2
nav_backward_1778421174843_816e02.png,backward,2
nav_backward_1778421175197_b4a56d.png,backward,2
nav_backward_1778421175552_405c88.png,backward,2
nav_backward_1778421175902_6fe7f5.png,backward,2
nav_backward_1778421176256_431715.png,backward,2
nav_backward_1778421176599_748d32.png,backward,2
nav_backward_1778421176950_ce6927.png,backward,2
nav_backward_1778421177302_fcc1f9.png,backward,2
nav_backward_1778421177652_98e067.png,backward,2
nav_backward_1778421177998_c26a0f.png,backward,2
nav_backward_1778421178343_39f1ef.png,backward,2
nav_backward_1778421178692_d96f33.png,backward,2
nav_backward_1778421179197_965a46.png,backward,2
nav_backward_1778421179699_ff2046.png,backward,2
nav_backward_1778421180059_5e7ea7.png,backward,2
nav_backward_1778421180405_c35c96.png,backward,2
nav_backward_1778421180753_0a8e42.png,backward,2
nav_backward_1778421181095_3bcf25.png,backward,2
nav_backward_1778421181448_ef2404.png,backward,2
nav_backward_1778421181795_3e717e.png,backward,2
nav_backward_1778421182142_2392b0.png,backward,2
nav_backward_1778421182487_4d88b0.png,backward,2
nav_backward_1778421182830_986713.png,backward,2
nav_backward_1778421183176_409bf0.png,backward,2
nav_backward_1778421183522_2bb7c2.png,backward,2
nav_backward_1778421183865_091091.png,backward,2
nav_backward_1778421184214_12274e.png,backward,2
nav_backward_1778421184556_6a5657.png,backward,2
nav_backward_1778421184901_97edb5.png,backward,2
nav_backward_1778421185243_60e09a.png,backward,2
nav_backward_1778421185591_424729.png,backward,2
nav_backward_1778421185939_be972e.png,backward,2
nav_backward_1778421186293_9ef74b.png,backward,2
nav_backward_1778421186640_652726.png,backward,2
nav_backward_1778421186977_61c99d.png,backward,2
nav_backward_1778421187321_1ca513.png,backward,2
nav_right_1778421187666_bd8c2b.png,right,3
nav_backward_1778421188006_fdc99a.png,backward,2
nav_backward_1778421188344_872cfe.png,backward,2
nav_backward_1778421188837_2ceedc.png,backward,2
nav_left_1778421296145_d9081e.png,left,1
nav_left_1778421296645_df1e7b.png,left,1
nav_left_1778421297004_bf3e5f.png,left,1
nav_left_1778421297345_e34202.png,left,1
nav_left_1778421297693_ae986d.png,left,1
nav_left_1778421298042_2a5324.png,left,1
nav_left_1778421298391_cabae7.png,left,1
nav_left_1778421298739_35480c.png,left,1
nav_left_1778421299088_cf9b77.png,left,1
nav_left_1778421299437_4954e7.png,left,1
nav_left_1778421299790_848644.png,left,1
nav_left_1778421300149_82f4dd.png,left,1
nav_left_1778421300493_f06d4c.png,left,1
nav_left_1778421300843_692256.png,left,1
nav_left_1778421301192_6f7161.png,left,1
nav_left_1778421301542_d00e9c.png,left,1
nav_left_1778421301889_26f81a.png,left,1
nav_left_1778421302236_193439.png,left,1
nav_left_1778421302588_a277cf.png,left,1
nav_left_1778421302930_a2b6e4.png,left,1
nav_left_1778421303271_dec949.png,left,1
nav_left_1778421303611_fa4c56.png,left,1
nav_left_1778421303959_7af790.png,left,1
nav_left_1778421304305_1b2cd2.png,left,1
nav_left_1778421304652_259dfc.png,left,1
nav_left_1778421304994_cf47b9.png,left,1
nav_left_1778421305341_869633.png,left,1
nav_left_1778421305689_45e3f3.png,left,1
nav_left_1778421306032_4c7e9b.png,left,1
nav_left_1778421306378_fbb37c.png,left,1
nav_left_1778421306723_8e01d7.png,left,1
nav_left_1778421307285_d4e91a.png,left,1
nav_left_1778421307656_1d8601.png,left,1
nav_left_1778421307998_7d2384.png,left,1
nav_left_1778421308332_220252.png,left,1
nav_left_1778421308668_e17a2a.png,left,1
nav_forward_1778421309005_f08cfd.png,forward,0
nav_left_1778421309336_66530f.png,left,1
nav_left_1778421309670_1a71d5.png,left,1
nav_left_1778421310007_7ba8f6.png,left,1
nav_left_1778421310349_e8c777.png,left,1
nav_forward_1778421310695_33ae33.png,forward,0
nav_left_1778421311036_cd13b9.png,left,1
nav_forward_1778421311373_73b8c9.png,forward,0
nav_left_1778421311722_fe323a.png,left,1
nav_forward_1778421312064_31b460.png,forward,0
nav_right_1778421312406_8b68b0.png,right,3
nav_forward_1778421312753_1040c8.png,forward,0
nav_forward_1778421313103_1e1161.png,forward,0
nav_forward_1778421313449_85ee0f.png,forward,0
nav_forward_1778421313794_249159.png,forward,0
nav_forward_1778421314144_c0ca6f.png,forward,0
nav_forward_1778421314505_f3399f.png,forward,0
nav_forward_1778421314861_2db2c4.png,forward,0
nav_forward_1778421315201_cfaccb.png,forward,0
nav_forward_1778421315625_4d4b3d.png,forward,0
nav_forward_1778421315980_fbffa7.png,forward,0
nav_forward_1778421316320_125b18.png,forward,0
nav_forward_1778421316667_a1c424.png,forward,0
nav_forward_1778421317011_83931d.png,forward,0
nav_forward_1778421317351_6d20ff.png,forward,0
nav_forward_1778421317691_7d5107.png,forward,0
nav_forward_1778421318037_cf5492.png,forward,0
nav_forward_1778421318377_26a25d.png,forward,0
nav_forward_1778421318712_7bdb80.png,forward,0
nav_forward_1778421319086_2cee9c.png,forward,0
nav_forward_1778421319422_95cb7e.png,forward,0
nav_forward_1778421319753_9ce2de.png,forward,0
nav_forward_1778421320089_d06053.png,forward,0
nav_forward_1778421320438_243a01.png,forward,0
nav_forward_1778421320786_d3815b.png,forward,0
nav_forward_1778421321132_074e9f.png,forward,0
nav_forward_1778421321480_2ef81b.png,forward,0
nav_forward_1778421321828_80a045.png,forward,0
nav_forward_1778421322172_22e4e2.png,forward,0
nav_forward_1778421322526_473669.png,forward,0
nav_forward_1778421322882_91c44e.png,forward,0
nav_forward_1778421323229_135af3.png,forward,0
nav_forward_1778421323577_300842.png,forward,0
nav_forward_1778421323927_4ca29b.png,forward,0
nav_forward_1778421324287_923b96.png,forward,0
nav_forward_1778421324638_2230f1.png,forward,0
nav_forward_1778421324969_0eb673.png,forward,0
nav_forward_1778421325308_95bf09.png,forward,0
nav_forward_1778421325649_0625e8.png,forward,0
nav_forward_1778421325989_f73e3d.png,forward,0
nav_forward_1778421326328_8181d6.png,forward,0
nav_forward_1778421326669_87bfda.png,forward,0
nav_left_1778421327008_cbb328.png,left,1
nav_left_1778421327354_04741b.png,left,1
nav_left_1778421327699_9b84f5.png,left,1
nav_left_1778421328036_16eed1.png,left,1
nav_left_1778421328375_dc62df.png,left,1
nav_left_1778421328715_02a5c8.png,left,1
nav_left_1778421329050_b467ca.png,left,1
nav_left_1778421329398_ad35d0.png,left,1
nav_left_1778421329740_9e1089.png,left,1
nav_left_1778421330083_fc5b1f.png,left,1
nav_left_1778421330416_0342d5.png,left,1
nav_left_1778421330755_250142.png,left,1
nav_left_1778421331090_8dba16.png,left,1
nav_left_1778421331435_c34eed.png,left,1
nav_left_1778421331770_24f681.png,left,1
nav_left_1778421332111_7371e3.png,left,1
nav_left_1778421332451_64aa26.png,left,1
nav_left_1778421332786_118971.png,left,1
nav_left_1778421333125_4f0218.png,left,1
nav_left_1778421333470_1ea64a.png,left,1
nav_left_1778421333810_865d31.png,left,1
nav_left_1778421334165_673185.png,left,1
nav_left_1778421334506_c40489.png,left,1
nav_left_1778421334846_0042ac.png,left,1
nav_left_1778421335195_0d6ac8.png,left,1
nav_left_1778421335542_610bb9.png,left,1
nav_left_1778421335890_5f76b6.png,left,1
nav_left_1778421336236_272232.png,left,1
nav_left_1778421336586_3e5a9a.png,left,1
nav_left_1778421336936_3e538a.png,left,1
nav_left_1778421337279_16168a.png,left,1
nav_left_1778421337644_318785.png,left,1
nav_left_1778421337993_012848.png,left,1
nav_left_1778421338357_fda7f2.png,left,1
